TEAMSEASID,SEASON,TEAM_ID,SEASON_ID,NAME,GP,W,L,OFFRTG,DEFRTG,NETRTG,AST%,AST/TO,"AST
RATIO",OREB%,DREB%,REB%,TOV%,EFG%,TS%,PACE,PIE,POSS
hawks-14,14,0,22014,hawks,82,38,44,104.9,105.7,-0.7,66.7,1.63,18.8,25.6,71.1,48.5,15.9,51.5,55.4,95.41,50.2,"7,892"
celtics-14,14,1,22014,celtics,82,25,57,101.9,106.5,-4.6,57.6,1.37,16.2,31.4,70.8,50.5,16.3,47.7,51.7,94.28,46.1,"7,745"
nets-14,14,2,22014,nets,82,44,38,105.4,106.7,-1.3,58.5,1.44,16.7,26,68.6,47.5,15.5,51.4,55.5,92.42,49.2,"7,663"
hornets-14,14,3,22014,hornets,82,43,39,103,103.3,-0.4,59.7,1.76,16.9,26.9,73,50,13.1,48.1,52.2,92.93,50.8,"7,712"
bulls-14,14,4,22014,bulls,82,48,34,101.7,99.9,1.9,65.4,1.52,17.6,32.1,71.3,51.8,16.2,47.1,51.8,90.84,52.8,"7,549"
cavs-14,14,5,22014,cavs,82,33,49,103.5,107,-3.6,57.2,1.49,16.2,31.4,71.1,50.8,14.9,47.9,51.8,93.69,46.9,"7,784"
mavericks-14,14,6,22014,mavericks,82,49,33,109.5,107.2,2.3,59.6,1.74,18,27.6,69.4,48.7,14.1,52.6,56.4,94.94,52.1,"7,852"
nuggets-14,14,7,22014,nuggets,82,36,46,105.1,107.3,-2.2,58.4,1.41,16.4,31,70.3,50.5,16,49.7,53.6,98.95,48.1,"8,146"
pistons-14,14,8,22014,pistons,82,29,53,105.2,109,-3.7,53.9,1.44,15.6,34.7,69.3,51.1,15.2,48.2,51.4,95.57,46.4,"7,874"
warriors-14,14,9,22014,warriors,82,51,31,106.3,101.4,4.9,59.1,1.53,17.4,28.4,72.4,50.8,15.5,51.7,55,97.37,52.8,"8,045"
rockets-14,14,10,22014,rockets,82,54,28,109.8,105.2,4.6,56.3,1.33,16.1,30.6,70,51.3,16.5,53.1,57.1,97.27,53.4,"8,040"
pacers-14,14,11,22014,pacers,82,56,26,103.6,98.9,4.7,56,1.33,15.9,29.6,72.1,51.7,16.2,49,53.5,92.89,54.5,"7,656"
clippers-14,14,12,22014,clippers,82,57,25,111.3,104,7.3,62.8,1.77,18.3,28.8,69,49.6,14.3,52.6,56.7,96.66,54.8,"7,954"
lakers-14,14,13,22014,lakers,82,27,55,103.2,109.3,-6,63.9,1.62,18.1,23.5,67.6,45.9,15.2,50.5,54.2,99.72,46,"8,177"
grizzlies-14,14,14,22014,grizzlies,82,50,32,105.5,103.8,1.7,57.4,1.59,17.1,32.6,71.8,52.1,15,49.4,52.9,90.58,51.8,"7,476"
heat-14,14,15,22014,heat,82,54,28,110,105,5.1,58.8,1.52,18.1,24.4,68.6,47.6,15.9,55.4,59,91.9,53.9,"7,615"
bucks-14,14,16,22014,bucks,82,15,67,101.9,110.2,-8.3,59.6,1.42,16.5,31,67.8,49,16.1,47.9,51.9,92.96,44.9,"7,685"
timberwolves-14,14,17,22014,timberwolves,82,40,42,107.7,105.2,2.6,61.6,1.72,17.3,31.7,71.5,50.8,14,48.6,53.5,98.33,51.9,"8,139"
pelicans-14,14,18,22014,pelicans,82,34,48,106.2,109.1,-3,56.3,1.55,16.5,30.5,69.4,49.7,14.7,49.5,53.7,93.07,48.3,"7,703"
knicks-14,14,19,22014,knicks,82,37,45,107,108.1,-1.1,54.2,1.54,16,29.1,70.5,49.2,14.1,50.5,54.1,91.24,49,"7,556"
thunder-14,14,20,22014,thunder,82,59,23,109.4,103,6.4,56.2,1.43,16.6,29.4,72.2,51.8,15.8,52,56.6,96.33,54.3,"7,954"
magic-14,14,21,22014,magic,82,23,59,101,106.6,-5.7,57.1,1.41,16.4,26.7,71.4,49,15.6,48.7,52.5,94.27,46.6,"7,837"
76ers-14,14,22,22014,76ers,82,19,63,99,109,-10,57.6,1.29,16,29,68.4,47.9,16.8,47.5,51,99.74,42.6,"8,236"
suns-14,14,23,22014,suns,82,48,34,108.2,105.6,2.6,49.3,1.24,14.7,29.8,69.9,50,15.8,51.9,55.8,96.83,50.9,"7,973"
blazers-14,14,24,22014,blazers,82,54,28,110.4,106.2,4.2,59.4,1.69,17.2,32,71.3,51.7,14.2,50.4,54.8,95.9,52.4,"7,930"
kings-14,14,25,22014,kings,82,28,54,105.1,107.8,-2.7,51.1,1.24,14.6,31.6,72.5,51.8,15.9,48.4,53.2,95.04,47.3,"7,840"
spurs-14,14,26,22014,spurs,82,62,20,109.5,101.4,8.1,62.1,1.75,19,26.1,72.5,50.3,15,53.7,57.1,95.87,55.5,"7,887"
raptors-14,14,27,22014,raptors,82,48,34,107.9,104.6,3.3,58.1,1.5,16.4,31.2,70.1,50.5,15.1,49.8,54.5,92.48,51.2,"7,696"
jazz-14,14,28,22014,jazz,82,25,57,102.4,110.1,-7.6,56.4,1.39,16.1,29.7,70.8,49.7,15.8,48.4,52.3,92.32,45.1,"7,605"
wizards-14,14,29,22014,wizards,82,44,38,104.9,103.6,1.3,60.1,1.59,17.6,28.6,71.9,49.8,15.3,50.6,53.8,94.18,50.4,"7,872"
hawks-15,15,0,22015,hawks,82,60,22,108.2,102.3,5.9,67.6,1.81,19.5,26.4,69.7,48.7,15,52.7,56.3,94.66,54,"7,775"
celtics-15,15,1,22015,celtics,82,40,42,103.8,103.5,0.3,62.9,1.77,18,28.9,71,49.5,14.2,48.9,52.3,96.71,49.8,"8,007"
nets-15,15,2,22015,nets,82,38,44,103.4,106.3,-3,55.9,1.51,16.3,27.8,70.1,49.1,14.6,49.1,52.9,93.69,48,"7,777"
hornets-15,15,3,22015,hornets,82,33,49,99.6,103,-3.4,56.8,1.69,15.8,27,74.6,50.2,12.6,45.6,49.8,93.45,48.2,"7,753"
bulls-15,15,4,22015,bulls,82,50,32,106.3,103.3,3,59.3,1.56,16.6,31.2,70.9,51.6,14.7,48.9,53.6,93.8,52.9,"7,775"
cavs-15,15,5,22015,cavs,82,53,29,110.1,105.3,4.8,58.7,1.55,17.1,31.1,71.1,51.3,15.2,52,55.7,93.23,51.4,"7,682"
mavericks-15,15,6,22015,mavericks,82,50,32,108.2,104.9,3.2,56.7,1.74,17,26.9,68.1,47.7,13.3,51.5,55,96.4,52.1,"7,976"
nuggets-15,15,7,22015,nuggets,82,30,52,103.9,107.1,-3.3,57.7,1.53,16.2,30.3,70,49.4,14.6,47.9,51.8,96.87,46.5,"8,011"
pistons-15,15,8,22015,pistons,82,32,50,104.3,105.4,-1.1,58.2,1.61,16.4,31.6,71.2,50.5,14.2,48.2,51.5,93.68,47.8,"7,741"
warriors-15,15,9,22015,warriors,82,67,15,110.4,100.4,9.9,65.9,1.9,19.7,27.3,70.3,49.8,14.5,54,57.1,99.28,56.9,"8,170"
rockets-15,15,10,22015,rockets,82,56,26,106,102.6,3.4,60,1.33,16.5,30.5,68.6,49.6,17,51.2,54.8,97.36,50.9,"8,037"
pacers-15,15,11,22015,pacers,82,38,44,102.9,102.7,0.2,58.6,1.53,16.6,28.6,73.5,51.1,14.8,48.4,52.3,93.67,50.5,"7,753"
clippers-15,15,12,22015,clippers,82,56,26,111.6,104.7,6.9,62.9,2.01,18.7,27.2,71.6,49.7,12.9,53.3,56.5,95.4,54,"7,844"
lakers-15,15,13,22015,lakers,82,21,61,102.3,109.4,-7.1,56.2,1.58,15.9,29,72,49.7,13.8,47.3,51.3,95.03,45,"7,892"
grizzlies-15,15,14,22015,grizzlies,82,55,27,104.8,101.2,3.5,57.4,1.62,16.9,28.8,71.6,50.3,14.2,48.9,53.1,92.82,53,"7,696"
heat-15,15,15,22015,heat,82,37,45,103.2,106.1,-3,56.4,1.34,16.1,28.4,68.7,48.9,16.1,50,54,91.49,49.2,"7,526"
bucks-15,15,16,22015,bucks,82,41,41,102,101.4,0.6,62.7,1.41,17.8,29,68.6,49.1,17.5,49.9,53.6,94.82,51.1,"7,867"
timberwolves-15,15,17,22015,timberwolves,82,16,66,101.8,110.9,-9.1,59.3,1.44,16.3,31.1,68.2,48.9,15.6,46.8,51.7,95.45,45.3,"7,873"
pelicans-15,15,18,22015,pelicans,82,45,37,107.1,106.3,0.8,58.1,1.66,17.1,30.9,71.2,51.1,14.3,50.1,53.7,92.29,50.8,"7,608"
knicks-15,15,19,22015,knicks,82,17,65,98.9,109,-10.1,60.6,1.45,16.7,28.9,69.1,48.4,15.8,47,50.8,92.06,44.1,"7,618"
thunder-15,15,20,22015,thunder,82,45,37,106.7,104.6,2.1,52.8,1.4,15.3,31.8,73,52.4,15.1,49.2,53.2,96.61,50.5,"7,988"
magic-15,15,21,22015,magic,82,25,57,101,106.8,-5.9,55,1.39,16.2,26.9,71.6,49.1,15.7,49.4,52.4,94.51,45.5,"7,773"
76ers-15,15,22,22015,76ers,82,18,64,94.9,103.9,-9,60.9,1.16,15.5,29.3,68.6,48,18.3,45.9,49.4,96.45,42.6,"7,950"
suns-15,15,23,22015,suns,82,39,43,104.2,105.3,-1.1,52.2,1.34,15.4,28.1,69.8,48.9,15.4,50.1,53.7,97.2,49.1,"8,058"
blazers-15,15,24,22015,blazers,82,51,31,107.1,102.8,4.3,56.7,1.61,16.8,28.2,72.8,51,14.2,50.8,54.4,95.06,52.2,"7,868"
kings-15,15,25,22015,kings,82,29,53,104.5,108.2,-3.7,55.4,1.25,15.5,31.3,71.5,51.9,16.8,49,54.2,96.16,48.5,"7,952"
spurs-15,15,26,22015,spurs,82,55,27,107.6,101.4,6.3,62.3,1.75,18.4,27.2,73,50.7,14.6,51.7,55.5,94.45,54.5,"7,860"
raptors-15,15,27,22015,raptors,82,49,33,110.2,107.1,3.1,54.7,1.61,16.1,30.1,68.9,49.4,13.7,50.8,55.3,93.46,50.6,"7,736"
jazz-15,15,28,22015,jazz,82,38,44,104.2,104.1,0.1,56.3,1.3,15.8,33.2,71.5,52.4,16.8,49.4,53.1,91.1,50.7,"7,486"
wizards-15,15,29,22015,wizards,82,46,36,103,102.4,0.6,62.7,1.6,18.1,28.8,72.6,51.4,15.7,49.9,53.4,94.29,52.5,"7,844"
hawks-16,16,0,22016,hawks,82,48,34,104.6,100.8,3.9,66.3,1.71,19,23.4,69.8,47.4,15.2,51.6,55.2,97.63,52.8,"8,059"
celtics-16,16,1,22016,celtics,82,48,34,105.8,102.5,3.3,61.6,1.76,17.4,29,70.7,49.5,13.8,48.8,53.1,99.43,52,"8,191"
nets-16,16,2,22016,nets,82,21,61,102.4,109.7,-7.4,58.3,1.51,17,27.9,71.6,49.4,15.3,49.2,52.7,96.12,46,"7,903"
hornets-16,16,3,22016,hornets,82,48,34,106.4,103.7,2.7,58.6,1.73,16.7,24.4,75.4,49.9,12.9,50.2,54.5,96.24,51.1,"7,966"
bulls-16,16,4,22016,bulls,82,42,40,104.1,105.5,-1.4,59.1,1.64,17,29,71.4,50.6,14.2,48.7,52.6,96.6,49.4,"8,008"
cavs-16,16,5,22016,cavs,82,57,25,110.2,103.9,6.3,58.7,1.67,17.4,29.4,74.2,51.9,14.3,52.4,55.8,93.82,52.8,"7,764"
mavericks-16,16,6,22016,mavericks,82,42,40,105.5,105.9,-0.4,59.2,1.73,17,24.1,72.3,48.4,13.2,50.2,54.4,95.34,50.3,"7,950"
nuggets-16,16,7,22016,nuggets,82,33,49,104.9,108.2,-3.3,60.1,1.55,16.9,30.4,73.2,51.3,15.1,48.9,53.1,96.34,47.9,"7,963"
pistons-16,16,8,22016,pistons,82,44,38,105.3,104.9,0.3,51.2,1.44,14.8,31.3,75.3,52.1,14,49.1,52.2,95.75,48.6,"7,942"
warriors-16,16,9,22016,warriors,82,73,9,113.5,102.8,10.6,68,1.91,20.4,26.7,72,50.7,15,56.3,59.3,100.24,56.7,"8,303"
rockets-16,16,10,22016,rockets,82,41,41,107.3,107.3,0,58.9,1.39,16.4,29.7,69.2,49.2,16.1,51.6,55.3,98.42,49,"8,139"
pacers-16,16,11,22016,pacers,82,45,37,103.8,102.2,1.6,55.4,1.43,16.1,27.1,71.4,49.4,15.1,49.7,53.6,97.35,51.8,"8,068"
clippers-16,16,12,22016,clippers,82,53,29,107.2,102.7,4.5,59.6,1.76,17.4,23.4,69.7,47.2,13.3,52.4,55.6,96.81,53.3,"7,995"
lakers-16,16,13,22016,lakers,82,17,65,100.7,110.3,-9.7,51.3,1.31,14.1,27.1,71.2,48.4,14.2,46,50.9,96.55,42.4,"7,930"
grizzlies-16,16,14,22016,grizzlies,82,42,40,104.7,107.1,-2.4,56.2,1.56,16,29.8,70.9,49.5,14,47.7,52.4,93.95,48.3,"7,763"
heat-16,16,15,22016,heat,82,48,34,105.5,103.7,1.7,54.3,1.48,16.3,28,72.9,51.2,14.8,50.8,54.5,94.14,52.5,"7,779"
bucks-16,16,16,22016,bucks,82,33,49,103.4,107.8,-4.5,60.3,1.52,17.6,28.6,68.9,49,15.9,49.9,53.7,95.05,48.3,"7,858"
timberwolves-16,16,17,22016,timberwolves,82,29,53,105.4,109,-3.5,61.9,1.56,17.6,27.9,70.2,49.4,15.5,49.8,54.9,96.2,49.7,"7,965"
pelicans-16,16,18,22016,pelicans,82,30,52,104.8,108.4,-3.7,57.7,1.65,16.8,25.2,74.8,49.3,13.7,49.8,53.7,97.64,47.2,"8,041"
knicks-16,16,19,22016,knicks,82,32,50,103.9,106.7,-2.8,55.7,1.53,16,28,71.8,50.2,14.2,48.3,52.7,94.12,48.7,"7,763"
thunder-16,16,20,22016,thunder,82,55,27,112.1,104.8,7.4,55.8,1.44,16.7,34.7,72,54.1,16.2,52.4,56.5,97.54,54.6,"8,061"
magic-16,16,21,22016,magic,82,35,47,104.4,106,-1.6,59.6,1.67,17.6,27.1,72.6,49.5,14.4,50,53.3,96.68,48.8,"8,018"
76ers-16,16,22,22016,76ers,82,10,72,98.4,108.6,-10.2,59.4,1.31,16.3,25,69.3,46.6,16.5,48.7,51.9,98.44,42.8,"8,119"
suns-16,16,23,22016,suns,82,23,59,101.5,107.9,-6.5,55.8,1.21,15.4,29.7,73.3,50.8,17.3,48.7,52.6,99.39,45,"8,152"
blazers-16,16,24,22016,blazers,82,44,38,107.6,106.8,0.8,55.2,1.46,16,29.4,72.8,51,15,51.1,54.8,97.06,49.3,"8,012"
kings-16,16,25,22016,kings,82,33,49,105.3,107.6,-2.3,61.2,1.52,17.6,28.1,71.7,50,16,51,54.6,100.66,49.4,"8,302"
spurs-16,16,26,22016,spurs,82,67,15,109.3,98.2,11.1,61.1,1.88,18.8,26.6,74.6,51.6,13.8,52.6,56.4,94.54,57.8,"7,767"
raptors-16,16,27,22016,raptors,82,56,26,109.3,104.8,4.4,51.1,1.43,14.9,30,73.6,52,13.9,50.4,55.2,93.35,52.5,"7,707"
jazz-16,16,28,22016,jazz,82,40,42,105,103.2,1.8,52.6,1.27,15.1,30.3,73.1,51.7,16.1,50.1,54,91.66,50.8,"7,625"
wizards-16,16,29,22016,wizards,82,41,41,104.5,105.1,-0.5,61.9,1.69,18.1,25,73.7,49,14.5,51.1,54.4,99.16,49.7,"8,163"
hawks-17,17,0,22017,hawks,82,48,34,104.6,100.8,3.9,66.3,1.71,19,23.4,69.8,47.4,15.2,51.6,55.2,97.63,52.8,"8,059"
celtics-17,17,1,22017,celtics,82,48,34,105.8,102.5,3.3,61.6,1.76,17.4,29,70.7,49.5,13.8,48.8,53.1,99.43,52,"8,191"
nets-17,17,2,22017,nets,82,21,61,102.4,109.7,-7.4,58.3,1.51,17,27.9,71.6,49.4,15.3,49.2,52.7,96.12,46,"7,903"
hornets-17,17,3,22017,hornets,82,48,34,106.4,103.7,2.7,58.6,1.73,16.7,24.4,75.4,49.9,12.9,50.2,54.5,96.24,51.1,"7,966"
bulls-17,17,4,22017,bulls,82,42,40,104.1,105.5,-1.4,59.1,1.64,17,29,71.4,50.6,14.2,48.7,52.6,96.6,49.4,"8,008"
cavs-17,17,5,22017,cavs,82,57,25,110.2,103.9,6.3,58.7,1.67,17.4,29.4,74.2,51.9,14.3,52.4,55.8,93.82,52.8,"7,764"
mavericks-17,17,6,22017,mavericks,82,42,40,105.5,105.9,-0.4,59.2,1.73,17,24.1,72.3,48.4,13.2,50.2,54.4,95.34,50.3,"7,950"
nuggets-17,17,7,22017,nuggets,82,33,49,104.9,108.2,-3.3,60.1,1.55,16.9,30.4,73.2,51.3,15.1,48.9,53.1,96.34,47.9,"7,963"
pistons-17,17,8,22017,pistons,82,44,38,105.3,104.9,0.3,51.2,1.44,14.8,31.3,75.3,52.1,14,49.1,52.2,95.75,48.6,"7,942"
warriors-17,17,9,22017,warriors,82,73,9,113.5,102.8,10.6,68,1.91,20.4,26.7,72,50.7,15,56.3,59.3,100.24,56.7,"8,303"
rockets-17,17,10,22017,rockets,82,41,41,107.3,107.3,0,58.9,1.39,16.4,29.7,69.2,49.2,16.1,51.6,55.3,98.42,49,"8,139"
pacers-17,17,11,22017,pacers,82,45,37,103.8,102.2,1.6,55.4,1.43,16.1,27.1,71.4,49.4,15.1,49.7,53.6,97.35,51.8,"8,068"
clippers-17,17,12,22017,clippers,82,53,29,107.2,102.7,4.5,59.6,1.76,17.4,23.4,69.7,47.2,13.3,52.4,55.6,96.81,53.3,"7,995"
lakers-17,17,13,22017,lakers,82,17,65,100.7,110.3,-9.7,51.3,1.31,14.1,27.1,71.2,48.4,14.2,46,50.9,96.55,42.4,"7,930"
grizzlies-17,17,14,22017,grizzlies,82,42,40,104.7,107.1,-2.4,56.2,1.56,16,29.8,70.9,49.5,14,47.7,52.4,93.95,48.3,"7,763"
heat-17,17,15,22017,heat,82,48,34,105.5,103.7,1.7,54.3,1.48,16.3,28,72.9,51.2,14.8,50.8,54.5,94.14,52.5,"7,779"
bucks-17,17,16,22017,bucks,82,33,49,103.4,107.8,-4.5,60.3,1.52,17.6,28.6,68.9,49,15.9,49.9,53.7,95.05,48.3,"7,858"
timberwolves-17,17,17,22017,timberwolves,82,29,53,105.4,109,-3.5,61.9,1.56,17.6,27.9,70.2,49.4,15.5,49.8,54.9,96.2,49.7,"7,965"
pelicans-17,17,18,22017,pelicans,82,30,52,104.8,108.4,-3.7,57.7,1.65,16.8,25.2,74.8,49.3,13.7,49.8,53.7,97.64,47.2,"8,041"
knicks-17,17,19,22017,knicks,82,32,50,103.9,106.7,-2.8,55.7,1.53,16,28,71.8,50.2,14.2,48.3,52.7,94.12,48.7,"7,763"
thunder-17,17,20,22017,thunder,82,55,27,112.1,104.8,7.4,55.8,1.44,16.7,34.7,72,54.1,16.2,52.4,56.5,97.54,54.6,"8,061"
magic-17,17,21,22017,magic,82,35,47,104.4,106,-1.6,59.6,1.67,17.6,27.1,72.6,49.5,14.4,50,53.3,96.68,48.8,"8,018"
76ers-17,17,22,22017,76ers,82,10,72,98.4,108.6,-10.2,59.4,1.31,16.3,25,69.3,46.6,16.5,48.7,51.9,98.44,42.8,"8,119"
suns-17,17,23,22017,suns,82,23,59,101.5,107.9,-6.5,55.8,1.21,15.4,29.7,73.3,50.8,17.3,48.7,52.6,99.39,45,"8,152"
blazers-17,17,24,22017,blazers,82,44,38,107.6,106.8,0.8,55.2,1.46,16,29.4,72.8,51,15,51.1,54.8,97.06,49.3,"8,012"
kings-17,17,25,22017,kings,82,33,49,105.3,107.6,-2.3,61.2,1.52,17.6,28.1,71.7,50,16,51,54.6,100.66,49.4,"8,302"
spurs-17,17,26,22017,spurs,82,67,15,109.3,98.2,11.1,61.1,1.88,18.8,26.6,74.6,51.6,13.8,52.6,56.4,94.54,57.8,"7,767"
raptors-17,17,27,22017,raptors,82,56,26,109.3,104.8,4.4,51.1,1.43,14.9,30,73.6,52,13.9,50.4,55.2,93.35,52.5,"7,707"
jazz-17,17,28,22017,jazz,82,40,42,105,103.2,1.8,52.6,1.27,15.1,30.3,73.1,51.7,16.1,50.1,54,91.66,50.8,"7,625"
wizards-17,17,29,22017,wizards,82,41,41,104.5,105.1,-0.5,61.9,1.69,18.1,25,73.7,49,14.5,51.1,54.4,99.16,49.7,"8,163"
hawks-18,18,0,22018,hawks,82,24,58,104.4,110.1,-5.7,62.2,1.53,17.6,26.3,71.9,48.9,15.7,51.2,54.7,98.76,46.8,"8,114"
celtics-18,18,1,22018,celtics,82,55,27,106.8,103.2,3.6,58.6,1.6,17,26.3,73.9,50.4,14.4,51.8,55.2,96.75,51.9,"7,987"
nets-18,18,2,22018,nets,82,28,54,106.1,109.7,-3.6,61.9,1.56,17.3,25.1,73.1,48.9,15.1,51.4,55.1,99.66,47.4,"8,238"
hornets-18,18,3,22018,hornets,82,36,46,109,109,-0.1,55.4,1.7,16.1,27.1,76.3,51.2,12.8,50.8,54.9,98.66,50,"8,143"
bulls-18,18,4,22018,bulls,82,27,55,103.4,110.5,-7,60.7,1.68,17.3,25.6,76.7,50,14.1,49.7,52.9,98.65,45.3,"8,160"
cavs-18,18,5,22018,cavs,82,50,32,112,111.1,1,57.9,1.7,17.5,24.3,73,49.2,13.9,54.7,58.4,98.72,50.2,"8,114"
mavericks-18,18,6,22018,mavericks,82,24,58,105.4,108.4,-2.9,59.4,1.85,17.3,22.4,74.9,47.8,12.7,51.3,54.4,96.53,47.5,"7,959"
nuggets-18,18,7,22018,nuggets,82,46,36,111.4,110,1.4,61.7,1.68,18.2,30,73.6,51.7,15.1,53.6,57,97.69,51.1,"8,095"
pistons-18,18,8,22018,pistons,82,39,43,106.6,106.7,-0.1,58.2,1.7,17.1,26.9,74,49.9,13.8,51.2,54.3,96.75,48.9,"7,981"
warriors-18,18,9,22018,warriors,82,58,24,112.8,106.8,5.9,68.5,1.9,20.9,24.3,71.2,49.7,15.3,56.9,60.3,100.35,55.4,"8,251"
rockets-18,18,10,22018,rockets,82,65,17,114.1,105.7,8.4,55.7,1.56,16.4,25.4,75,50.3,14.1,55.1,59,98.02,53.1,"8,078"
pacers-18,18,11,22018,pacers,82,48,34,108.5,107.3,1.3,54.4,1.67,16.8,27.1,72.1,49.6,13.6,52.5,55.7,96.84,50.9,"7,977"
clippers-18,18,12,22018,clippers,82,42,40,109.4,109.2,0.2,55.5,1.52,16.5,28.4,71.8,50.4,14.7,52.7,56.4,99.54,49.7,"8,167"
lakers-18,18,13,22018,lakers,82,35,47,106,107.3,-1.3,58.4,1.51,17,27.9,72.9,50.5,15.5,51.7,54.8,100.9,49.1,"8,361"
grizzlies-18,18,14,22018,grizzlies,82,22,60,103.6,110.4,-6.8,58.6,1.44,16.6,27.6,72.1,49.3,15.6,50,53.9,95.65,46,"7,865"
heat-18,18,15,22018,heat,82,44,38,106.2,105.8,0.4,58.5,1.58,17.1,26.1,74.1,50.1,14.8,52,55.1,96.1,50.5,"7,985"
bucks-18,18,16,22018,bucks,82,44,38,109,109.1,-0.2,58.5,1.68,17.7,24.4,70.9,48,14.2,53.1,57.1,97.03,50.2,"8,013"
timberwolves-18,18,17,22018,timberwolves,82,47,35,112.5,110.2,2.3,55.3,1.82,17,28.9,72,50.3,12.8,52.3,56.6,96.75,51.8,"7,985"
pelicans-18,18,18,22018,pelicans,82,48,34,108.5,107.4,1.1,62.7,1.79,19,24,72.6,49.4,14.5,54.1,57.3,101.48,52.5,"8,443"
knicks-18,18,19,22018,knicks,82,29,53,106.3,109.7,-3.4,57.3,1.58,17.2,28.9,72.7,50.9,15,51,54.4,97.64,48.1,"8,059"
thunder-18,18,20,22018,thunder,82,48,34,110.1,106.4,3.7,53.5,1.53,15.8,32,72.5,51.5,14.3,51.4,54.6,97.34,50.8,"8,036"
magic-18,18,21,22018,magic,82,25,57,104.7,109.4,-4.7,60.4,1.61,17.5,24.8,71.4,48,14.7,51.2,54.5,98.58,47.2,"8,096"
76ers-18,18,22,22018,76ers,82,52,30,108.5,103.9,4.6,66.3,1.64,19.1,28.6,73.6,52,16.3,53.5,56.8,100.75,54.2,"8,299"
suns-18,18,23,22018,suns,82,21,61,102.8,111.7,-9,55.3,1.35,15.6,27.1,72.4,49.3,15.5,49.5,53.2,101.14,44.2,"8,293"
blazers-18,18,24,22018,blazers,82,49,33,108.4,105.7,2.7,49.6,1.44,15,27.9,74.6,51.3,13.9,51.1,54.9,97.11,51,"7,992"
kings-18,18,25,22018,kings,82,27,55,103.1,110.4,-7.3,55.6,1.57,16.6,26.4,73.1,48.9,14.3,50.2,52.9,95.5,45.1,"7,860"
spurs-18,18,26,22018,spurs,82,47,35,107.1,104.1,3,58.3,1.73,17.3,27.7,74.1,50.8,13.7,50.7,54.3,95.7,52.5,"7,867"
raptors-18,18,27,22018,raptors,82,59,23,113,105.3,7.7,59,1.82,17.9,27.4,72.5,50.2,13.5,53.9,57.5,98.02,53.8,"8,104"
jazz-18,18,28,22018,jazz,82,48,34,107.4,103,4.4,58.6,1.53,17.1,25.6,75.6,50.9,15.2,52.7,56.4,96.58,53.2,"7,951"
wizards-18,18,29,22018,wizards,82,43,39,108.1,107.7,0.4,63.1,1.73,18.4,27.4,73.2,50.4,14.8,52.5,56,97.67,50.9,"8,087"
hawks-19,19,0,22019,hawks,82,29,53,107.5,113.1,-5.5,62.4,1.52,17.7,28.4,71.8,49.6,16.2,52.2,55.5,104.56,46.4,"8,642"
celtics-19,19,1,22019,celtics,82,49,33,111.3,107,4.3,62.4,2.05,18.8,25.7,72.8,49.5,12.7,53.4,56.7,100.43,53,"8,282"
nets-19,19,2,22019,nets,82,42,40,108.9,109,-0.1,59.2,1.58,16.9,28.2,72,50.1,14.6,52,55.6,101.52,49.2,"8,452"
hornets-19,19,3,22019,hornets,82,39,43,110.7,112,-1.3,57.8,1.9,17,26.8,73.1,49.5,12.2,51.4,55.4,99.18,48.6,"8,202"
bulls-19,19,4,22019,bulls,82,22,60,104.5,112.8,-8.3,55,1.55,16.3,24.2,72.7,48.3,14.1,50.5,54.1,99.3,45.3,"8,232"
cavs-19,19,5,22019,cavs,82,19,63,106.8,116.8,-10,53.2,1.54,15.6,28.2,73.2,49.6,13.8,50.3,54,97.37,43.6,"8,021"
mavericks-19,19,6,22019,mavericks,82,33,49,108.7,110.1,-1.5,60.3,1.64,17,27.3,73.4,50.3,14.2,51.9,55.5,99.6,49.2,"8,216"
nuggets-19,19,7,22019,nuggets,82,54,28,112.1,108.1,4,65.3,2.04,19.3,30.8,74.4,52.4,13.6,52.7,55.8,98.49,52.4,"8,096"
pistons-19,19,8,22019,pistons,82,41,41,108.4,108.7,-0.3,57.9,1.63,16.5,29.1,74.5,50.9,14,50.9,54.4,97.88,48.2,"8,101"
warriors-19,19,9,22019,warriors,82,57,25,115,108.6,6.5,66.8,2.06,20.4,25.7,72.7,50.5,13.9,56.5,59.6,101.74,54.6,"8,390"
rockets-19,19,10,22019,rockets,82,53,29,114.9,110.1,4.8,54.1,1.59,15.9,26.9,70,48.1,13.5,54.2,58.1,98.39,49.8,"8,130"
pacers-19,19,11,22019,pacers,82,48,34,109.4,106,3.4,62.8,1.9,18.9,26.9,72.2,49.9,13.9,53,56.1,98.64,52.7,"8,097"
clippers-19,19,12,22019,clippers,82,48,34,111.4,110.4,1,58.2,1.65,17.1,26.3,72.2,50,14.1,52.9,57.5,102.66,50.5,"8,475"
lakers-19,19,13,22019,lakers,82,37,45,107.4,108.9,-1.6,60,1.63,17.8,27,72.5,50.2,15,52.7,55.4,103.6,49.5,"8,534"
grizzlies-19,19,14,22019,grizzlies,82,33,49,105.6,108,-2.4,63.1,1.71,17.9,24.7,72.4,48.4,14.3,50.8,54.8,97.15,49,"8,038"
heat-19,19,15,22019,heat,82,39,43,106.7,107.1,-0.4,61.2,1.65,17.6,29.1,73.1,50.9,14.9,51.5,54.2,98.73,50.1,"8,122"
bucks-19,19,16,22019,bucks,82,60,22,113.5,104.9,8.6,60.1,1.88,18.3,25,75.7,51.6,13.3,55,58.3,103.57,55.3,"8,533"
timberwolves-19,19,17,22019,timberwolves,82,36,46,110.6,112.2,-1.6,59.1,1.88,17.4,29.2,70.9,49.7,12.9,51.1,55.2,100.88,49.8,"8,341"
pelicans-19,19,18,22019,pelicans,82,33,49,110.7,112,-1.3,61.9,1.82,18.6,28.5,72.9,50.9,14.2,52.9,56.3,103.89,49.8,"8,553"
knicks-19,19,19,22019,knicks,82,17,65,104,112.9,-8.9,52.5,1.43,14.9,26.4,71.7,48.6,14,49,52.9,100.16,44.2,"8,244"
thunder-19,19,20,22019,thunder,82,49,33,109.8,106.5,3.4,54.8,1.67,16.3,29.8,73.8,50.9,13.4,51.4,54.5,103.38,50.6,"8,549"
magic-19,19,21,22019,magic,82,42,40,108.2,107.6,0.6,63.2,1.94,18.6,25.9,75.4,50.4,13.3,51.8,55,98.65,50.8,"8,133"
76ers-19,19,22,22019,76ers,82,51,31,111.6,109,2.6,64.8,1.8,18.7,27.8,74.1,51.7,14.4,53.2,57.4,102.59,52.9,"8,467"
suns-19,19,23,22019,suns,82,19,63,105.3,114.2,-8.9,59.5,1.53,17.3,24.7,68.3,46.4,15.3,51.4,55.2,101.15,45,"8,371"
blazers-19,19,24,22019,blazers,82,53,29,113.7,109.5,4.2,54.4,1.66,16.6,30.8,73.9,52.6,13.7,52.8,56.8,99.96,52.1,"8,269"
kings-19,19,25,22019,kings,82,39,43,109.6,110.8,-1.2,58.8,1.9,17.7,26.8,71.3,48.7,12.8,52.4,55.4,103.88,49.5,"8,545"
spurs-19,19,26,22019,spurs,82,48,34,112.2,110.6,1.6,58,2.03,18.1,24.6,74.4,50.1,12.2,53.4,57.2,98.88,51.6,"8,162"
raptors-19,19,27,22019,raptors,82,58,24,112.6,106.8,5.8,60.3,1.81,18.2,26.5,72.6,50.2,13.8,54.3,57.9,100.51,53.3,"8,334"
jazz-19,19,28,22019,jazz,82,50,32,110.3,105.3,5,64.4,1.72,18.5,27.5,75.9,52.2,14.9,53.8,57.2,100.84,53.9,"8,308"
wizards-19,19,29,22019,wizards,82,32,50,110.2,112.9,-2.7,62.3,1.87,18.4,25.2,70.6,47.7,13.6,53.1,56.7,102.23,48.7,"8,486"
hawks-20,20,0,22020,hawks,67,20,47,107,114.4,-7.4,58.9,1.48,16.9,26.7,70.8,48.4,15.5,51.5,55.4,103.28,45.4,"6,999"
celtics-20,20,1,22020,celtics,72,48,24,112.8,106.5,6.3,55.7,1.66,16.7,28.3,73.1,50.9,13.7,53.1,57,99.92,53.1,"7,255"
nets-20,20,2,22020,nets,72,35,37,108.7,109.2,-0.5,60.6,1.6,17.3,28,73.6,51.1,14.8,52,55.4,101.7,50,"7,404"
hornets-20,20,3,22020,hornets,65,23,42,105.9,112.8,-7,63.9,1.63,17.7,28,70.6,48.6,15,50.4,53.9,96.24,45.5,"6,317"
bulls-20,20,4,22020,bulls,65,22,43,105.8,108.9,-3.1,58.7,1.5,16.9,26.7,71.9,48.1,15.3,51.5,54.7,100.46,46.6,"6,563"
cavs-20,20,5,22020,cavs,65,19,46,106.9,114.8,-7.9,57.3,1.4,16.8,29.6,73.8,51.2,16.5,52.2,55.3,99.17,45.3,"6,497"
mavericks-20,20,6,22020,mavericks,75,43,32,115.9,111.2,4.8,59.2,1.94,17.7,27.5,74,50.9,12.6,54.5,58.1,99.89,52.1,"7,569"
nuggets-20,20,7,22020,nuggets,73,46,27,112.6,110.4,2.2,63.6,1.94,19.1,29.4,72.5,50.9,13.9,53.5,56.7,97.64,51.7,"7,217"
pistons-20,20,8,22020,pistons,66,20,46,108.8,112.3,-3.5,61.2,1.58,17.7,27.7,71.7,49.3,15.5,52.9,56.1,97.86,47.3,"6,507"
warriors-20,20,9,22020,warriors,65,15,50,104.4,113,-8.6,66.3,1.72,18.2,25.5,72.2,48.1,14.6,49.7,54,101.04,46.2,"6,623"
rockets-20,20,10,22020,rockets,72,44,28,112.5,109.8,2.7,53,1.47,15.5,24.9,71.3,48,14,53.7,57.8,104.04,49.4,"7,539"
pacers-20,20,11,22020,pacers,73,45,28,109.5,107.5,1.9,61.4,1.95,18.9,24.3,71.8,48.7,13.2,53.4,56.5,99.41,52,"7,299"
clippers-20,20,12,22020,clippers,72,49,23,113.3,106.9,6.3,57.1,1.63,16.9,27.8,73.7,51.5,14.2,53.5,57.7,102.16,53.2,"7,396"
lakers-20,20,13,22020,lakers,71,52,19,111.7,106.1,5.6,60,1.67,18,28.3,73.7,51.2,14.9,54.2,57.3,101.2,53.9,"7,211"
grizzlies-20,20,14,22020,grizzlies,73,34,39,108.7,109.7,-1,63.3,1.77,18.7,27.1,73.3,50.6,14.7,52.8,56.1,103.31,50.7,"7,562"
heat-20,20,15,22020,heat,73,44,29,111.9,109.3,2.7,65.7,1.74,18.8,25.7,75.3,51.2,14.9,54.7,58.7,98.7,52.5,"7,306"
bucks-20,20,16,22020,bucks,73,56,17,111.9,102.5,9.4,59.8,1.71,18,24.1,77.5,52.4,14.2,55.2,58.3,105.51,56.2,"7,739"
timberwolves-20,20,17,22020,timberwolves,64,19,45,107.6,111.6,-4,59,1.55,16.7,26.4,73.1,48.8,14.6,51.4,55.1,103.94,47.2,"6,736"
pelicans-20,20,18,22020,pelicans,72,30,42,110.5,111.8,-1.3,63,1.64,18.4,28.7,72.9,50.8,15.6,53.9,56.8,103.89,49.5,"7,548"
knicks-20,20,19,22020,knicks,66,21,45,105.9,112.4,-6.5,55.2,1.54,16,30,74.2,51.3,14.3,50.1,53.1,99.11,46.1,"6,594"
thunder-20,20,20,22020,thunder,72,44,28,110.1,108.1,2.1,54.3,1.58,16.3,24.1,72.8,49.2,13.7,53,57.3,99.42,51.9,"7,218"
magic-20,20,21,22020,magic,73,33,40,107.9,109.2,-1.3,60.8,1.86,17.5,26.7,74.9,50,12.9,50.6,54.4,98.99,49.6,"7,255"
76ers-20,20,22,22020,76ers,73,43,30,110.7,108.4,2.3,62.8,1.82,18.5,28.1,75.3,51.6,14.2,53.4,56.6,99.59,52.3,"7,304"
suns-20,20,23,22020,suns,73,34,39,111.3,110.8,0.5,66.1,1.84,19.2,26.1,73.4,49.8,14.5,53.2,57.6,101.74,51.2,"7,449"
blazers-20,20,24,22020,blazers,74,35,39,113.2,114.3,-1.1,48.8,1.61,15.2,26.6,71.2,49.2,12.6,53.3,57,101.17,48.6,"7,519"
kings-20,20,25,22020,kings,72,31,41,109.5,111.4,-1.9,58.2,1.64,17.4,25.8,73.6,49.2,14.4,53.4,56.6,99.6,47.9,"7,239"
spurs-20,20,26,22020,spurs,71,32,39,111.7,112.6,-0.9,58.5,1.96,17.9,23.3,75.1,49.5,12.3,53.1,57.2,101.14,50.2,"7,249"
raptors-20,20,27,22020,raptors,72,53,19,110.8,104.7,6.1,62.7,1.7,18.1,25.6,72.1,49.6,14.6,53.6,57.4,101.19,53,"7,328"
jazz-20,20,28,22020,jazz,72,44,28,111.8,109.3,2.5,56,1.48,16.8,26.1,74.6,51.2,15.2,54.9,58.5,99.15,51.3,"7,169"
wizards-20,20,29,22020,wizards,72,25,47,110.2,114.7,-4.5,60.2,1.77,17.6,26.2,71.2,47.8,13.6,52.3,56.2,103.38,47.3,"7,475"
hawks-21,21,0,22021,hawks,72,41,31,114.3,112.1,2.2,59.1,1.82,17.6,28.4,74.2,51.6,13.3,53.9,58.1,98.68,51.1,"7,160"
celtics-21,21,1,22021,celtics,72,36,36,113.1,111.8,1.2,56.6,1.67,17.1,28.9,73.7,51,14.1,54.3,57.4,98.94,50.1,"7,172"
nets-21,21,2,22021,nets,72,48,24,117.3,113.1,4.2,62.1,1.98,19.3,25.2,72.6,50.3,13.4,57.5,61,100.27,53.2,"7,280"
hornets-21,21,3,22021,hornets,72,33,39,110.1,112,-1.9,67.2,1.81,19.2,27.6,72.2,49.6,14.9,53.2,56.4,99,48.9,"7,159"
bulls-21,21,4,22021,bulls,72,31,41,110.4,111.5,-1.1,63.5,1.77,19.2,26.7,76.7,51.9,15.1,54.7,57.5,99.58,49.9,"7,220"
cavs-21,21,5,22021,cavs,72,22,50,105.2,113.5,-8.3,61.8,1.54,17.5,28,72.9,49.9,15.7,50.8,54.3,97.96,46,"7,107"
mavericks-21,21,6,22021,mavericks,72,42,30,114.6,112.3,2.3,55.7,1.9,17.2,25.3,73.4,49.6,12.3,55,58.2,97.94,51,"7,062"
nuggets-21,21,7,22021,nuggets,72,47,25,116.3,111.5,4.8,62.1,1.99,19.3,29.2,75.1,52.2,13.6,55.7,58.8,97.74,52.5,"7,123"
pistons-21,21,8,22021,pistons,72,20,52,107.6,112.2,-4.5,62.6,1.62,17.8,26.7,72.5,49.3,15.1,51.9,55.6,98.19,47.3,"7,132"
warriors-21,21,9,22021,warriors,72,39,33,110.5,109.4,1.1,67,1.84,19.6,22.2,72.7,48,14.6,55.1,58.3,102.81,51,"7,412"
rockets-21,21,10,22021,rockets,72,17,55,107,114.4,-7.4,60.1,1.6,17.2,24,72.3,47.4,14.5,52.1,55.3,101.69,45.1,"7,320"
pacers-21,21,11,22021,pacers,72,34,38,111.9,111.9,0.1,63.3,2.02,19.2,24.7,70.1,47.6,13.1,54.2,57.5,102.05,50.2,"7,419"
clippers-21,21,12,22021,clippers,72,47,25,116.7,110.6,6.1,58.4,1.85,18.1,27,75.4,51.8,13.5,56.4,59.9,97.63,53,"7,036"
lakers-21,21,13,22021,lakers,72,42,30,109.8,106.8,2.9,60.7,1.62,18,26.9,74.8,51.1,15.2,53.6,56.9,98.85,51.7,"7,184"
grizzlies-21,21,14,22021,grizzlies,72,38,34,111.7,110.5,1.2,62.8,2.03,18.9,28.5,73.6,50.7,13.1,52.8,56,100.77,51.1,"7,302"
heat-21,21,15,22021,heat,72,40,32,110.6,110.7,-0.1,67.1,1.87,19.5,24,73.3,49.1,14.4,54.6,58.1,97.09,50.9,"7,036"
bucks-21,21,16,22021,bucks,72,46,26,116.5,110.7,5.8,56.9,1.84,18,26.9,75.5,51.9,13.4,56.6,59.3,102.85,53.3,"7,423"
timberwolves-21,21,17,22021,timberwolves,72,23,49,109.3,114.5,-5.3,63,1.8,18,27.1,71.7,48.4,13.9,52,55.5,101.96,46.9,"7,389"
pelicans-21,21,18,22021,pelicans,72,31,41,113,113.3,-0.3,61.2,1.78,18.3,30.2,75.5,52.7,14.4,53.7,57,100.54,50.8,"7,303"
knicks-21,21,19,22021,knicks,72,41,31,110.2,107.8,2.4,54.3,1.65,16.3,26.4,73.8,50.5,13.3,52.4,55.9,96.32,50.2,"6,994"
thunder-21,21,20,22021,thunder,72,22,50,102.8,113.4,-10.6,56.8,1.37,16.1,25.4,74.2,49.4,15.8,50.9,53.9,101.61,44.2,"7,353"
magic-21,21,21,22021,magic,72,21,51,104.6,113.9,-9.3,57,1.7,16.3,25.2,74.4,48.8,12.9,49,52.7,99.17,45,"7,158"
76ers-21,21,22,22021,76ers,72,49,23,112.5,107,5.5,57.2,1.64,17.2,27.7,73.7,51.1,14.3,54.1,57.9,100.12,53.6,"7,272"
suns-21,21,23,22021,suns,72,51,21,116.3,110.4,5.9,62.2,2.15,19.6,24.8,74.1,50,12.6,56.4,59.7,98,53.4,"7,137"
blazers-21,21,24,22021,blazers,72,42,30,117.1,115.3,1.8,51.5,1.92,15.9,27.3,73.1,49.5,11.2,54,57.7,98.97,49.3,"7,137"
kings-21,21,25,22021,kings,72,31,41,112.7,116.5,-3.8,59.9,1.91,18.4,25.3,71.3,48.2,13.3,54.9,57.8,100.71,48.1,"7,266"
spurs-21,21,26,22021,spurs,72,33,39,110.5,112,-1.5,58.4,2.14,17.9,24.3,73.3,48.5,11.3,51.7,55.4,99.45,49.3,"7,236"
raptors-21,21,27,22021,raptors,72,27,45,111.6,112,-0.4,60.7,1.82,17.7,25.6,71.6,47.9,13.3,52.9,56.7,99.57,48.6,"7,177"
jazz-21,21,28,22021,jazz,72,52,20,116.5,107.5,9,57.3,1.66,17.3,28.4,75.7,52.9,14.2,56.3,59.7,99.37,54.2,"7,193"
wizards-21,21,29,22021,wizards,72,34,38,110.7,112.3,-1.6,59,1.77,17.8,25,73.6,49.4,13.7,53.1,56.9,104.67,49.6,"7,585"
hawks-22,22,0,22022,hawks,82,43,39,115.4,113.7,1.6,59.3,2.08,18.1,26.9,73.1,50.1,12,54.3,58.1,98.67,50.9,"8,099"
celtics-22,22,1,22022,celtics,82,51,31,113.6,106.2,7.4,60.9,1.82,18.2,27.7,72.5,50.9,13.9,54.2,57.8,97.26,54.7,"8,068"
nets-22,22,2,22022,nets,82,44,38,113.2,112.3,0.9,60.2,1.8,18.3,28.1,70.4,49.9,14.1,54,57.6,99.4,51.2,"8,177"
hornets-22,22,3,22022,hornets,82,43,39,113.6,113.1,0.5,65.6,2.12,19.6,27,70.6,48.6,13.1,54.4,57.2,100.52,50.4,"8,322"
bulls-22,22,4,22022,bulls,82,46,36,112.7,113.2,-0.5,57.2,1.86,17.8,24.9,73.5,49.5,13,54.1,57.9,98.76,49.6,"8,124"
cavs-22,22,5,22022,cavs,82,44,38,111,108.9,2.1,63.4,1.75,18.7,27.7,72.4,50.6,14.8,53.8,57.1,96.83,51.7,"7,964"
mavericks-22,22,6,22022,mavericks,82,52,30,112.5,109.1,3.5,59.5,1.87,17.8,25.6,73.3,49.6,13,53.8,57.2,95.64,51.1,"7,871"
nuggets-22,22,7,22022,nuggets,82,48,34,113.8,111.5,2.3,66.7,1.92,20,26.8,75.2,51.5,14.6,55.6,59,98.41,51.6,"8,123"
pistons-22,22,8,22022,pistons,82,23,59,105.6,113.3,-7.7,61.5,1.65,17.1,27.6,70.7,48.1,14.3,49.4,53.3,98.81,45,"8,141"
warriors-22,22,9,22022,warriors,82,53,29,112.1,106.6,5.5,66.9,1.82,19.5,26.9,73.6,51,15,55.2,58.2,98.74,53.6,"8,121"
rockets-22,22,10,22022,rockets,82,20,62,108.1,116.4,-8.3,59.8,1.43,17.1,26.5,71,48.5,16.2,53.4,56.5,101.16,45.1,"8,323"
pacers-22,22,11,22022,pacers,82,25,57,111.9,115.5,-3.6,61.2,1.76,18.1,31,72.5,51.2,14.5,53.1,56.4,98.55,47.8,"8,166"
clippers-22,22,12,22022,clippers,82,42,40,109.5,109.5,0,59.9,1.75,17.7,25.4,70.6,48.6,13.9,53.1,56.4,98.51,50.2,"8,121"
lakers-22,22,13,22022,lakers,82,33,49,110,112.8,-2.9,57.6,1.65,17.3,25.6,72,49,14.2,53.7,56.7,100.47,48.2,"8,360"
grizzlies-22,22,14,22022,grizzlies,82,56,26,114.3,108.9,5.3,59.7,1.97,17.9,33.8,72.6,52.6,13,52.2,55.3,100.52,53,"8,295"
heat-22,22,15,22022,heat,82,53,29,113,108.4,4.5,64.4,1.75,18.8,27.8,73.5,51,14.9,54.7,58.4,96.53,52.9,"7,987"
bucks-22,22,16,22022,bucks,82,51,31,114.3,111.1,3.2,57.2,1.78,17.3,26.9,74.7,51.2,13.3,54.6,58,100.59,51.6,"8,284"
timberwolves-22,22,17,22022,timberwolves,82,46,36,113.8,111,2.7,61.7,1.79,18.1,28.4,70.6,49,14.1,53.9,57.3,101.47,50.4,"8,357"
pelicans-22,22,18,22022,pelicans,82,36,46,111.2,112,-0.8,62.1,1.78,18.1,30.6,74.2,51.8,14.3,51.7,55.7,98.02,50,"8,060"
knicks-22,22,19,22022,knicks,82,37,45,109.7,110.2,-0.4,58.1,1.65,16.4,29.1,74,51.2,13.7,51.3,55,96.42,49.1,"7,958"
thunder-22,22,20,22022,thunder,82,24,58,103.8,111.7,-8,58,1.59,16.4,25.6,72.7,48.7,14,49.7,53,99.39,45.1,"8,198"
magic-22,22,21,22022,magic,82,22,60,103.9,112.1,-8.1,62,1.64,17.4,24.9,73.5,49,14.4,50.3,53.8,99.71,45.8,"8,223"
76ers-22,22,22,22022,76ers,82,51,31,113,110.2,2.8,60.2,1.89,17.9,24.6,72.4,49,12.9,53.4,57.8,96.71,51.7,"7,975"
suns-22,22,23,22022,suns,82,64,18,114.2,106.8,7.5,62.7,2.12,19.5,26.4,72.8,50.3,12.9,54.9,58.1,100.26,54.8,"8,242"
blazers-22,22,24,22022,blazers,82,27,55,107.3,116.3,-9.1,59.5,1.58,17,26.8,72.1,48.7,14.6,51.5,55,98.74,44.7,"8,120"
kings-22,22,25,22022,kings,82,30,52,109.6,114.8,-5.2,58.5,1.68,17.3,25.9,71.4,48.4,14,52.5,56.1,100.1,47.3,"8,252"
spurs-22,22,26,22022,spurs,82,34,48,111.9,111.7,0.2,64.6,2.19,19.5,28.1,71.1,49.4,12.6,52.7,55.6,100.51,51,"8,290"
raptors-22,22,27,22022,raptors,82,48,34,112.1,109.9,2.2,54.3,1.77,16.1,32.5,71.4,50.8,12.8,51,54.3,96.63,49.4,"8,000"
jazz-22,22,28,22022,jazz,82,49,33,116.2,110,6.2,55.2,1.6,16.7,30,73.8,52.5,14.3,55.5,58.9,97.5,52.8,"8,014"
wizards-22,22,29,22022,wizards,82,35,47,110.2,113.6,-3.4,61.7,1.91,18.5,24.7,73.1,49.4,13.3,53.2,56.8,97.8,49.6,"8,079"
hawks-23,23,0,22023,hawks,12,8,4,112,109.7,2.3,56.3,1.99,17.4,29.7,69.9,49.8,12.2,51.8,55.4,102.24,52.4,"1,239"
celtics-23,23,1,22023,celtics,11,8,3,117.6,112.5,5,62.6,1.88,18.9,22.9,72.9,49,13.7,57.5,61.7,99.35,52.5,"1,111"
nets-23,23,2,22023,nets,12,5,7,112.4,110.8,1.5,63.7,1.86,19,25,66.9,47.1,14,54.4,58.5,97.69,52.5,"1,182"
hornets-23,23,3,22023,hornets,13,3,10,105.6,111,-5.4,63.8,1.71,17.9,30.2,71,49.8,14.8,50,53,99.94,46.9,"1,333"
bulls-23,23,4,22023,bulls,13,6,7,110.1,108.5,1.6,60.3,1.56,17.5,27.1,72.8,50,15.4,52.6,57.4,101.15,50.3,"1,315"
cavs-23,23,5,22023,cavs,11,8,3,115.8,106.9,8.9,60.3,1.64,18.2,29.5,77.1,53.7,15.3,55.9,59.8,97.81,54.8,"1,108"
mavericks-23,23,6,22023,mavericks,11,6,5,113.1,109.6,3.5,50.1,1.42,15,26.5,71.1,48.4,13.9,54.5,58.1,95.46,50.8,"1,069"
nuggets-23,23,7,22023,nuggets,11,8,3,114.6,112,2.6,65.6,1.75,20.1,27.9,74.3,51.6,16.2,57.6,60.1,101.95,52.2,"1,120"
pistons-23,23,8,22023,pistons,12,3,9,107.3,117.3,-10,54.9,1.43,15,30.5,69.4,49.2,14.4,48.7,53.6,100.83,42.8,"1,209"
warriors-23,23,9,22023,warriors,11,4,7,112.2,115.8,-3.6,66.8,1.71,19.6,27.2,69.9,48.6,16,55.7,59,103.38,48,"1,150"
rockets-23,23,10,22023,rockets,12,2,10,108.7,116.4,-7.7,55.8,1.27,15.4,34.4,69.7,51,16.9,50.6,54.6,101.29,44.5,"1,217"
pacers-23,23,11,22023,pacers,11,5,6,114,115.2,-1.3,68.3,1.74,19.2,32.3,73.7,52,15.8,53.8,57.6,102.82,48.4,"1,132"
clippers-23,23,12,22023,clippers,12,7,5,105.3,107.1,-1.8,54.5,1.37,16.5,21.1,72.3,48.5,15.8,54.3,57.2,99.67,49.5,"1,193"
lakers-23,23,13,22023,lakers,11,2,9,103.2,110.9,-7.6,58.4,1.54,16.7,23.6,72.9,48,14.6,49.7,53.7,103.56,45.8,"1,148"
grizzlies-23,23,14,22023,grizzlies,12,8,4,114.4,113.5,0.9,55.8,1.63,17,33.6,70.2,51.8,14.6,54.2,56.8,100.1,50.6,"1,225"
heat-23,23,15,22023,heat,12,5,7,109.8,110.8,-1,63.6,1.79,18,24.9,73.5,48.6,13.8,51.8,56.8,98.07,50,"1,189"
bucks-23,23,16,22023,bucks,11,10,1,110.9,102.9,8,58.4,1.58,17,29.7,74.9,52.7,14.9,52.7,55.9,100.51,55.4,"1,127"
timberwolves-23,23,17,22023,timberwolves,12,5,7,110,110.9,-1,62.1,1.6,18.4,27.5,69,49.2,15.9,53.8,57.3,103.1,49.9,"1,244"
pelicans-23,23,18,22023,pelicans,12,6,6,113.3,110.9,2.4,60.6,1.81,18.4,32.4,73.3,52.7,14.3,53.5,56.9,99.9,50.9,"1,231"
knicks-23,23,19,22023,knicks,11,5,6,109.1,111.8,-2.7,58.5,1.6,17,30.7,69.2,50.4,14.8,51.5,54.9,100.86,48.7,"1,132"
thunder-23,23,20,22023,thunder,11,4,7,107,109.4,-2.5,55.6,1.91,16.5,27.8,69.9,47.8,11.9,49.8,52.8,101.44,48.1,"1,149"
magic-23,23,21,22023,magic,12,3,9,109.5,113,-3.5,52.5,1.26,15.7,27.8,74,52.3,16.7,53.6,57.8,99.68,49.5,"1,206"
76ers-23,23,22,22023,76ers,12,5,7,111.4,110.2,1.2,61.4,1.75,17.9,22.6,73.2,47.6,13.9,53.8,57.9,96.92,49.8,"1,161"
suns-23,23,23,22023,suns,11,8,3,115.3,106.2,9.1,67.2,2.07,19.9,29.7,70.9,50.4,13.6,54.2,58.3,97.8,55.7,"1,087"
blazers-23,23,24,22023,blazers,12,9,3,111.1,108.7,2.5,61.2,1.44,17.6,28.7,71.4,50.8,16.8,54.2,58.1,97.28,51.6,"1,178"
kings-23,23,25,22023,kings,10,4,6,113.5,114.6,-1.1,65.9,1.89,19.3,22.7,74.8,48.5,14,56,59.7,101.1,49.1,"1,021"
spurs-23,23,26,22023,spurs,12,5,7,109.9,116.7,-6.8,70.7,1.77,20.3,28.6,68.3,47.6,16.4,54.4,57,102.61,46.5,"1,241"
raptors-23,23,27,22023,raptors,12,7,5,114.2,108.7,5.5,58.9,1.98,17.3,32.3,73.9,51.6,12.4,52,55.6,98.21,51.2,"1,179"
jazz-23,23,28,22023,jazz,13,10,3,116,109.7,6.3,63.8,1.75,18.9,32.1,67.8,50,15.5,55.5,58.6,100.96,53.8,"1,331"
wizards-23,23,29,22023,wizards,12,6,6,108.7,111.9,-3.2,58.2,1.68,17.6,25.5,74.9,50.9,14.2,52.5,56.4,98.02,49.7,"1,187"